abejorral|ABEJORRAL
abrego|ABREGO
abriaqui|ABRIAQUÍ
acacias|ACACÍAS
acandi|ACANDÍ
acevedo|ACEVEDO
achi|ACHÍ
agrado|AGRADO
agua de dios|AGUA DE DIOS
aguachica|AGUACHICA
aguada|AGUADA
aguadas|AGUADAS
aguazul|AGUAZUL
agustin codazzi|AGUSTÍN CODAZZI
aipe|AIPE
alban|ALBÁN
alban|ALBÁN
albania|ALBANIA
albania|ALBANIA
albania|ALBANIA
alcala|ALCALÁ
aldana|ALDANA
alejandria|ALEJANDRÍA
algarrobo|ALGARROBO
algeciras|ALGECIRAS
almaguer|ALMAGUER
almeida|ALMEIDA
alpujarra|ALPUJARRA
altamira|ALTAMIRA
alto baudo|ALTO BAUDÓ
altos del rosario|ALTOS DEL ROSARIO
alvarado|ALVARADO
amaga|AMAGÁ
amalfi|AMALFI
ambalema|AMBALEMA
anapoima|ANAPOIMA
ancuya|ANCUYÁ
andalucia|ANDALUCÍA
andes|ANDES
angelopolis|ANGELÓPOLIS
angostura|ANGOSTURA
anolaima|ANOLAIMA
anori|ANORÍ
anserma|ANSERMA
ansermanuevo|ANSERMANUEVO
anza|ANZA
anzoategui|ANZOÁTEGUI
apartado|APARTADÓ
apia|APÍA
apulo|APULO
aquitania|AQUITANIA
aracataca|ARACATACA
aranzazu|ARANZAZU
aratoca|ARATOCA
arauca|ARAUCA
arauquita|ARAUQUITA
arbelaez|ARBELÁEZ
arboleda|ARBOLEDA
arboledas|ARBOLEDAS
arboletes|ARBOLETES
arcabuco|ARCABUCO
arenal|ARENAL
argelia|ARGELIA
argelia|ARGELIA
argelia|ARGELIA
ariguani|ARIGUANÍ
arjona|ARJONA
armenia|ARMENIA
armenia|ARMENIA
armero|ARMERO
arroyohondo|ARROYOHONDO
astrea|ASTREA
ataco|ATACO
atrato|ATRATO
ayapel|AYAPEL
bagado|BAGADÓ
bahia solano|BAHÍA SOLANO
bajo baudo|BAJO BAUDÓ
balboa|BALBOA
balboa|BALBOA
baranoa|BARANOA
baraya|BARAYA
barbacoas|BARBACOAS
barbosa|BARBOSA
barbosa|BARBOSA
barichara|BARICHARA
barranca de upia|BARRANCA DE UPÍA
barrancabermeja|BARRANCABERMEJA
barrancas|BARRANCAS
barranco de loba|BARRANCO DE LOBA
barranco minas|BARRANCO MINAS
barranquilla|BARRANQUILLA
becerril|BECERRIL
belalcazar|BELALCÁZAR
belen|BELÉN
belen|BELÉN
belen de bajira|BELÉN DE BAJIRÁ
belen de los andaquies|BELÉN DE LOS ANDAQUÍES
belen de umbria|BELÉN DE UMBRÍA
bello|BELLO
belmira|BELMIRA
beltran|BELTRÁN
berbeo|BERBEO
betania|BETANIA
beteitiva|BETÉITIVA
betulia|BETULIA
betulia|BETULIA
bituima|BITUIMA
boavita|BOAVITA
bochalema|BOCHALEMA
bogota, d.c.|BOGOTÁ, D.C.
bojaca|BOJACÁ
bojaya|BOJAYA
bolivar|BOLÍVAR
bolivar|BOLÍVAR
bolivar|BOLÍVAR
bosconia|BOSCONIA
boyaca|BOYACÁ
briceño|BRICEÑO
briceño|BRICEÑO
bucaramanga|BUCARAMANGA
bucarasica|BUCARASICA
buenaventura|BUENAVENTURA
buenavista|BUENAVISTA
buenavista|BUENAVISTA
buenavista|BUENAVISTA
buenavista|BUENAVISTA
buenos aires|BUENOS AIRES
buesaco|BUESACO
bugalagrande|BUGALAGRANDE
buritica|BURITICÁ
busbanza|BUSBANZÁ
cabrera|CABRERA
cabrera|CABRERA
cabuyaro|CABUYARO
cacahual|CACAHUAL
caceres|CÁCERES
cachipay|CACHIPAY
cachira|CACHIRÁ
cacota|CÁCOTA
caicedo|CAICEDO
caicedonia|CAICEDONIA
caimito|CAIMITO
cajamarca|CAJAMARCA
cajibio|CAJIBÍO
cajica|CAJICÁ
calamar|CALAMAR
calamar|CALAMAR
calarca|CALARCA
caldas|CALDAS
caldas|CALDAS
caldono|CALDONO
cali|CALI
california|CALIFORNIA
calima|CALIMA
caloto|CALOTO
campamento|CAMPAMENTO
campo de la cruz|CAMPO DE LA CRUZ
campoalegre|CAMPOALEGRE
campohermoso|CAMPOHERMOSO
canalete|CANALETE
cañasgordas|CAÑASGORDAS
candelaria|CANDELARIA
candelaria|CANDELARIA
cantagallo|CANTAGALLO
caparrapi|CAPARRAPÍ
capitanejo|CAPITANEJO
caqueza|CAQUEZA
caracoli|CARACOLÍ
caramanta|CARAMANTA
carcasi|CARCASÍ
carepa|CAREPA
carmen de apicala|CARMEN DE APICALÁ
carmen de carupa|CARMEN DE CARUPA
carmen del darien|CARMEN DEL DARIEN
carolina|CAROLINA
cartagena|CARTAGENA
cartagena del chaira|CARTAGENA DEL CHAIRÁ
cartago|CARTAGO
caruru|CARURU
casabianca|CASABIANCA
castilla la nueva|CASTILLA LA NUEVA
caucasia|CAUCASIA
cepita|CEPITÁ
cerete|CERETÉ
cerinza|CERINZA
cerrito|CERRITO
cerro san antonio|CERRO SAN ANTONIO
certegui|CÉRTEGUI
chachagoi|CHACHAGÜÍ
chaguani|CHAGUANÍ
chalan|CHALÁN
chameza|CHAMEZA
chaparral|CHAPARRAL
charala|CHARALÁ
charta|CHARTA
chia|CHÍA
chibolo|CHIBOLO
chigorodo|CHIGORODÓ
chima|CHIMA
chima|CHIMÁ
chimichagua|CHIMICHAGUA
chinacota|CHINÁCOTA
chinavita|CHINAVITA
chinchina|CHINCHINÁ
chinu|CHINÚ
chipaque|CHIPAQUE
chipata|CHIPATÁ
chiquinquira|CHIQUINQUIRÁ
chiquiza|CHÍQUIZA
chiriguana|CHIRIGUANÁ
chiscas|CHISCAS
chita|CHITA
chitaga|CHITAGÁ
chitaraque|CHITARAQUE
chivata|CHIVATÁ
chivor|CHIVOR
choachi|CHOACHÍ
choconta|CHOCONTÁ
cicuco|CICUCO
cienaga|CIÉNAGA
cienaga de oro|CIÉNAGA DE ORO
cienega|CIÉNEGA
cimitarra|CIMITARRA
circasia|CIRCASIA
cisneros|CISNEROS
ciudad bolivar|CIUDAD BOLÍVAR
clemencia|CLEMENCIA
cocorna|COCORNÁ
coello|COELLO
cogua|COGUA
colombia|COLOMBIA
colon|COLÓN
colon|COLÓN
coloso|COLOSO
combita|CÓMBITA
concepcion|CONCEPCIÓN
concepcion|CONCEPCIÓN
concordia|CONCORDIA
concordia|CONCORDIA
condoto|CONDOTO
confines|CONFINES
consaca|CONSACA
contadero|CONTADERO
contratacion|CONTRATACIÓN
convencion|CONVENCIÓN
copacabana|COPACABANA
coper|COPER
cordoba|CÓRDOBA
cordoba|CÓRDOBA
cordoba|CÓRDOBA
corinto|CORINTO
coromoro|COROMORO
corozal|COROZAL
corrales|CORRALES
cota|COTA
cotorra|COTORRA
covarachia|COVARACHÍA
coveñas|COVEÑAS
coyaima|COYAIMA
cravo norte|CRAVO NORTE
cuaspud|CUASPUD
cubara|CUBARÁ
cubarral|CUBARRAL
cucaita|CUCAITA
cucunuba|CUCUNUBÁ
cucuta|CÚCUTA
cucutilla|CUCUTILLA
cuitiva|CUÍTIVA
cumaral|CUMARAL
cumaribo|CUMARIBO
cumbal|CUMBAL
cumbitara|CUMBITARA
cunday|CUNDAY
curillo|CURILLO
curiti|CURITÍ
curumani|CURUMANÍ
dabeiba|DABEIBA
dagua|DAGUA
dibulla|DIBULLA
distraccion|DISTRACCIÓN
dolores|DOLORES
don matias|DON MATÍAS
dosquebradas|DOSQUEBRADAS
duitama|DUITAMA
durania|DURANIA
ebejico|EBÉJICO
el aguila|EL ÁGUILA
el bagre|EL BAGRE
el banco|EL BANCO
el cairo|EL CAIRO
el calvario|EL CALVARIO
el canton del san pablo|EL CANTÓN DEL SAN PABLO
el carmen|EL CARMEN
el carmen de atrato|EL CARMEN DE ATRATO
el carmen de bolivar|EL CARMEN DE BOLÍVAR
el carmen de chucuri|EL CARMEN DE CHUCURÍ
el carmen de viboral|EL CARMEN DE VIBORAL
el castillo|EL CASTILLO
el cerrito|EL CERRITO
el charco|EL CHARCO
el cocuy|EL COCUY
el colegio|EL COLEGIO
el copey|EL COPEY
el doncello|EL DONCELLO
el dorado|EL DORADO
el dovio|EL DOVIO
el encanto|EL ENCANTO
el espino|EL ESPINO
el guacamayo|EL GUACAMAYO
el guamo|EL GUAMO
el litoral del san juan|EL LITORAL DEL SAN JUAN
el molino|EL MOLINO
el paso|EL PASO
el paujil|EL PAUJIL
el peñol|EL PEÑOL
el peñon|EL PEÑÓN
el peñon|EL PEÑÓN
el peñon|EL PEÑÓN
el piñon|EL PIÑON
el playon|EL PLAYÓN
el reten|EL RETÉN
el retorno|EL RETORNO
el roble|EL ROBLE
el rosal|EL ROSAL
el rosario|EL ROSARIO
el santuario|EL SANTUARIO
el tablon de gomez|EL TABLÓN DE GÓMEZ
el tambo|EL TAMBO
el tambo|EL TAMBO
el tarra|EL TARRA
el zulia|EL ZULIA
elias|ELÍAS
encino|ENCINO
enciso|ENCISO
entrerrios|ENTRERRIOS
envigado|ENVIGADO
espinal|ESPINAL
facatativa|FACATATIVÁ
falan|FALAN
filadelfia|FILADELFIA
filandia|FILANDIA
firavitoba|FIRAVITOBA
flandes|FLANDES
florencia|FLORENCIA
florencia|FLORENCIA
floresta|FLORESTA
florian|FLORIÁN
florida|FLORIDA
floridablanca|FLORIDABLANCA
fomeque|FOMEQUE
fonseca|FONSECA
fortul|FORTUL
fosca|FOSCA
francisco pizarro|FRANCISCO PIZARRO
fredonia|FREDONIA
fresno|FRESNO
frontino|FRONTINO
fuente de oro|FUENTE DE ORO
fundacion|FUNDACIÓN
funes|FUNES
funza|FUNZA
fuquene|FÚQUENE
fusagasuga|FUSAGASUGÁ
gachala|GACHALA
gachancipa|GACHANCIPÁ
gachantiva|GACHANTIVÁ
gacheta|GACHETÁ
galan|GALÁN
galapa|GALAPA
galeras|GALERAS
gama|GAMA
gamarra|GAMARRA
gambita|GAMBITA
gameza|GAMEZA
garagoa|GARAGOA
garzon|GARZÓN
genova|GÉNOVA
gigante|GIGANTE
ginebra|GINEBRA
giraldo|GIRALDO
girardot|GIRARDOT
girardota|GIRARDOTA
giron|GIRÓN
gomez plata|GÓMEZ PLATA
gonzalez|GONZÁLEZ
gramalote|GRAMALOTE
granada|GRANADA
granada|GRANADA
granada|GRANADA
guaca|GUACA
guacamayas|GUACAMAYAS
guacari|GUACARÍ
guachene|GUACHENÉ
guacheta|GUACHETÁ
guachucal|GUACHUCAL
guadalajara de buga|GUADALAJARA DE BUGA
guadalupe|GUADALUPE
guadalupe|GUADALUPE
guadalupe|GUADALUPE
guaduas|GUADUAS
guaitarilla|GUAITARILLA
gualmatan|GUALMATÁN
guamal|GUAMAL
guamal|GUAMAL
guamo|GUAMO
guapi|GUAPI
guapota|GUAPOTÁ
guaranda|GUARANDA
guarne|GUARNE
guasca|GUASCA
guatape|GUATAPE
guataqui|GUATAQUÍ
guatavita|GUATAVITA
guateque|GUATEQUE
guatica|GUÁTICA
guavata|GUAVATÁ
guayabal de siquima|GUAYABAL DE SIQUIMA
guayabetal|GUAYABETAL
guayata|GUAYATÁ
goepsa|GÜEPSA
goican|GÜICÁN
gutierrez|GUTIÉRREZ
hacari|HACARÍ
hatillo de loba|HATILLO DE LOBA
hato|HATO
hato corozal|HATO COROZAL
hato nuevo|HATO NUEVO
heliconia|HELICONIA
herran|HERRÁN
herveo|HERVEO
hispania|HISPANIA
hobo|HOBO
honda|HONDA
ibague|IBAGUÉ
icononzo|ICONONZO
iles|ILES
imues|IMUÉS
inirida|INÍRIDA
inza|INZÁ
ipiales|IPIALES
iquira|IQUIRA
isnos|ISNOS
istmina|ISTMINA
itagui|ITAGUI
ituango|ITUANGO
iza|IZA
jambalo|JAMBALÓ
jamundi|JAMUNDÍ
jardin|JARDÍN
jenesano|JENESANO
jerico|JERICÓ
jerico|JERICÓ
jerusalen|JERUSALÉN
jesus maria|JESÚS MARÍA
jordan|JORDÁN
juan de acosta|JUAN DE ACOSTA
junin|JUNÍN
jurado|JURADÓ
la apartada|LA APARTADA
la argentina|LA ARGENTINA
la belleza|LA BELLEZA
la calera|LA CALERA
la capilla|LA CAPILLA
la ceja|LA CEJA
la celia|LA CELIA
la chorrera|LA CHORRERA
la cruz|LA CRUZ
la cumbre|LA CUMBRE
la dorada|LA DORADA
la esperanza|LA ESPERANZA
la estrella|LA ESTRELLA
la florida|LA FLORIDA
la gloria|LA GLORIA
la guadalupe|LA GUADALUPE
la jagua de ibirico|LA JAGUA DE IBIRICO
la jagua del pilar|LA JAGUA DEL PILAR
la llanada|LA LLANADA
la macarena|LA MACARENA
la merced|LA MERCED
la mesa|LA MESA
la montañita|LA MONTAÑITA
la palma|LA PALMA
la paz|LA PAZ
la paz|LA PAZ
la pedrera|LA PEDRERA
la peña|LA PEÑA
la pintada|LA PINTADA
la plata|LA PLATA
la playa|LA PLAYA
la primavera|LA PRIMAVERA
la salina|LA SALINA
la sierra|LA SIERRA
la tebaida|LA TEBAIDA
la tola|LA TOLA
la union|LA UNIÓN
la union|LA UNIÓN
la union|LA UNIÓN
la union|LA UNIÓN
la uvita|LA UVITA
la vega|LA VEGA
la vega|LA VEGA
la victoria|LA VICTORIA
la victoria|LA VICTORIA
la victoria|LA VICTORIA
la virginia|LA VIRGINIA
labateca|LABATECA
labranzagrande|LABRANZAGRANDE
landazuri|LANDÁZURI
lebrija|LEBRIJA
leguizamo|LEGUÍZAMO
leiva|LEIVA
lejanias|LEJANÍAS
lenguazaque|LENGUAZAQUE
lerida|LÉRIDA
leticia|LETICIA
libano|LÍBANO
liborina|LIBORINA
linares|LINARES
lloro|LLORÓ
lopez|LÓPEZ
lorica|LORICA
los andes|LOS ANDES
los cordobas|LOS CÓRDOBAS
los palmitos|LOS PALMITOS
los patios|LOS PATIOS
los santos|LOS SANTOS
lourdes|LOURDES
luruaco|LURUACO
macanal|MACANAL
macaravita|MACARAVITA
maceo|MACEO
macheta|MACHETA
madrid|MADRID
magangue|MAGANGUÉ
magoi|MAGÜI
mahates|MAHATES
maicao|MAICAO
majagual|MAJAGUAL
malaga|MÁLAGA
malambo|MALAMBO
mallama|MALLAMA
manati|MANATÍ
manaure|MANAURE
manaure|MANAURE
mani|MANÍ
manizales|MANIZALES
manta|MANTA
manzanares|MANZANARES
mapiripan|MAPIRIPÁN
mapiripana|MAPIRIPANA
margarita|MARGARITA
maria la baja|MARÍA LA BAJA
marinilla|MARINILLA
maripi|MARIPÍ
mariquita|MARIQUITA
marmato|MARMATO
marquetalia|MARQUETALIA
marsella|MARSELLA
marulanda|MARULANDA
matanza|MATANZA
medellin|MEDELLÍN
medina|MEDINA
medio atrato|MEDIO ATRATO
medio baudo|MEDIO BAUDÓ
medio san juan|MEDIO SAN JUAN
melgar|MELGAR
mercaderes|MERCADERES
mesetas|MESETAS
milan|MILÁN
miraflores|MIRAFLORES
miraflores|MIRAFLORES
miranda|MIRANDA
miriti-parana|MIRITI-PARANÁ
mistrato|MISTRATÓ
mitu|MITÚ
mocoa|MOCOA
mogotes|MOGOTES
molagavita|MOLAGAVITA
momil|MOMIL
mompos|MOMPÓS
mongua|MONGUA
mongui|MONGUÍ
moniquira|MONIQUIRÁ
moñitos|MOÑITOS
montebello|MONTEBELLO
montecristo|MONTECRISTO
montelibano|MONTELÍBANO
montenegro|MONTENEGRO
monteria|MONTERÍA
monterrey|MONTERREY
morales|MORALES
morales|MORALES
morelia|MORELIA
morichal|MORICHAL
morroa|MORROA
mosquera|MOSQUERA
mosquera|MOSQUERA
motavita|MOTAVITA
murillo|MURILLO
murindo|MURINDÓ
mutata|MUTATÁ
mutiscua|MUTISCUA
muzo|MUZO
nariño|NARIÑO
nariño|NARIÑO
nariño|NARIÑO
nataga|NÁTAGA
natagaima|NATAGAIMA
nechi|NECHÍ
necocli|NECOCLÍ
neira|NEIRA
neiva|NEIVA
nemocon|NEMOCÓN
nilo|NILO
nimaima|NIMAIMA
nobsa|NOBSA
nocaima|NOCAIMA
norcasia|NORCASIA
novita|NÓVITA
nueva granada|NUEVA GRANADA
nuevo colon|NUEVO COLÓN
nunchia|NUNCHÍA
nuqui|NUQUÍ
obando|OBANDO
ocamonte|OCAMONTE
ocaña|OCAÑA
oiba|OIBA
oicata|OICATÁ
olaya|OLAYA
olaya herrera|OLAYA HERRERA
onzaga|ONZAGA
oporapa|OPORAPA
orito|ORITO
orocue|OROCUÉ
ortega|ORTEGA
ospina|OSPINA
otanche|OTANCHE
ovejas|OVEJAS
pachavita|PACHAVITA
pacho|PACHO
pacoa|PACOA
pacora|PÁCORA
padilla|PADILLA
paez|PAEZ
paez|PÁEZ
paicol|PAICOL
pailitas|PAILITAS
paime|PAIME
paipa|PAIPA
pajarito|PAJARITO
palermo|PALERMO
palestina|PALESTINA
palestina|PALESTINA
palmar|PALMAR
palmar de varela|PALMAR DE VARELA
palmas del socorro|PALMAS DEL SOCORRO
palmira|PALMIRA
palmito|PALMITO
palocabildo|PALOCABILDO
pamplona|PAMPLONA
pamplonita|PAMPLONITA
pana pana|PANA PANA
pandi|PANDI
panqueba|PANQUEBA
papunaua|PAPUNAUA
paramo|PÁRAMO
paratebueno|PARATEBUENO
pasca|PASCA
pasto|PASTO
patia|PATÍA
pauna|PAUNA
paya|PAYA
paz de ariporo|PAZ DE ARIPORO
paz de rio|PAZ DE RÍO
pedraza|PEDRAZA
pelaya|PELAYA
peñol|PEÑOL
pensilvania|PENSILVANIA
peque|PEQUE
pereira|PEREIRA
pesca|PESCA
piamonte|PIAMONTE
piedecuesta|PIEDECUESTA
piedras|PIEDRAS
piendamo|PIENDAMÓ
pijao|PIJAO
pijiño del carmen|PIJIÑO DEL CARMEN
pinchote|PINCHOTE
pinillos|PINILLOS
piojo|PIOJÓ
pisba|PISBA
pital|PITAL
pitalito|PITALITO
pivijay|PIVIJAY
planadas|PLANADAS
planeta rica|PLANETA RICA
plato|PLATO
policarpa|POLICARPA
polonuevo|POLONUEVO
ponedera|PONEDERA
popayan|POPAYÁN
pore|PORE
potosi|POTOSÍ
pradera|PRADERA
prado|PRADO
providencia|PROVIDENCIA
providencia|PROVIDENCIA
pueblo bello|PUEBLO BELLO
pueblo nuevo|PUEBLO NUEVO
pueblo rico|PUEBLO RICO
pueblorrico|PUEBLORRICO
puebloviejo|PUEBLOVIEJO
puente nacional|PUENTE NACIONAL
puerres|PUERRES
puerto alegria|PUERTO ALEGRÍA
puerto arica|PUERTO ARICA
puerto asis|PUERTO ASÍS
puerto berrio|PUERTO BERRÍO
puerto boyaca|PUERTO BOYACÁ
puerto caicedo|PUERTO CAICEDO
puerto carreño|PUERTO CARREÑO
puerto colombia|PUERTO COLOMBIA
puerto colombia|PUERTO COLOMBIA
puerto concordia|PUERTO CONCORDIA
puerto escondido|PUERTO ESCONDIDO
puerto gaitan|PUERTO GAITÁN
puerto guzman|PUERTO GUZMÁN
puerto libertador|PUERTO LIBERTADOR
puerto lleras|PUERTO LLERAS
puerto lopez|PUERTO LÓPEZ
puerto nare|PUERTO NARE
puerto nariño|PUERTO NARIÑO
puerto parra|PUERTO PARRA
puerto rico|PUERTO RICO
puerto rico|PUERTO RICO
puerto rondon|PUERTO RONDÓN
puerto salgar|PUERTO SALGAR
puerto santander|PUERTO SANTANDER
puerto santander|PUERTO SANTANDER
puerto tejada|PUERTO TEJADA
puerto triunfo|PUERTO TRIUNFO
puerto wilches|PUERTO WILCHES
puli|PULÍ
pupiales|PUPIALES
purace|PURACÉ
purificacion|PURIFICACIÓN
purisima|PURÍSIMA
quebradanegra|QUEBRADANEGRA
quetame|QUETAME
quibdo|QUIBDÓ
quimbaya|QUIMBAYA
quinchia|QUINCHÍA
quipama|QUÍPAMA
quipile|QUIPILE
ragonvalia|RAGONVALIA
ramiriqui|RAMIRIQUÍ
raquira|RÁQUIRA
recetor|RECETOR
regidor|REGIDOR
remedios|REMEDIOS
remolino|REMOLINO
repelon|REPELÓN
restrepo|RESTREPO
restrepo|RESTREPO
retiro|RETIRO
ricaurte|RICAURTE
ricaurte|RICAURTE
rio de oro|RÍO DE ORO
rio iro|RÍO IRÓ
rio quito|RÍO QUITO
rio viejo|RÍO VIEJO
rioblanco|RIOBLANCO
riofrio|RIOFRÍO
riohacha|RIOHACHA
rionegro|RIONEGRO
rionegro|RIONEGRO
riosucio|RIOSUCIO
riosucio|RIOSUCIO
risaralda|RISARALDA
rivera|RIVERA
roberto payan|ROBERTO PAYÁN
roldanillo|ROLDANILLO
roncesvalles|RONCESVALLES
rondon|RONDÓN
rosas|ROSAS
rovira|ROVIRA
sabana de torres|SABANA DE TORRES
sabanagrande|SABANAGRANDE
sabanalarga|SABANALARGA
sabanalarga|SABANALARGA
sabanalarga|SABANALARGA
sabanas de san angel|SABANAS DE SAN ANGEL
sabaneta|SABANETA
saboya|SABOYÁ
sacama|SÁCAMA
sachica|SÁCHICA
sahagun|SAHAGÚN
saladoblanco|SALADOBLANCO
salamina|SALAMINA
salamina|SALAMINA
salazar|SALAZAR
saldaña|SALDAÑA
salento|SALENTO
salgar|SALGAR
samaca|SAMACÁ
samana|SAMANÁ
samaniego|SAMANIEGO
sampues|SAMPUÉS
san agustin|SAN AGUSTÍN
san alberto|SAN ALBERTO
san andres|SAN ANDRÉS
san andres|SAN ANDRÉS
san andres de cuerquia|SAN ANDRÉS DE CUERQUÍA
san andres de tumaco|SAN ANDRES DE TUMACO
san andres sotavento|SAN ANDRÉS SOTAVENTO
san antero|SAN ANTERO
san antonio|SAN ANTONIO
san antonio del tequendama|SAN ANTONIO DEL TEQUENDAMA
san benito|SAN BENITO
san benito abad|SAN BENITO ABAD
san bernardo|SAN BERNARDO
san bernardo|SAN BERNARDO
san bernardo del viento|SAN BERNARDO DEL VIENTO
san calixto|SAN CALIXTO
san carlos|SAN CARLOS
san carlos|SAN CARLOS
san carlos de guaroa|SAN CARLOS DE GUAROA
san cayetano|SAN CAYETANO
san cayetano|SAN CAYETANO
san cristobal|SAN CRISTÓBAL
san diego|SAN DIEGO
san eduardo|SAN EDUARDO
san estanislao|SAN ESTANISLAO
san felipe|SAN FELIPE
san fernando|SAN FERNANDO
san francisco|SAN FRANCISCO
san francisco|SAN FRANCISCO
san francisco|SAN FRANCISCO
san gil|SAN GIL
san jacinto|SAN JACINTO
san jacinto del cauca|SAN JACINTO DEL CAUCA
san jeronimo|SAN JERÓNIMO
san joaquin|SAN JOAQUÍN
san jose|SAN JOSÉ
san jose de la montaña|SAN JOSÉ DE LA MONTAÑA
san jose de miranda|SAN JOSÉ DE MIRANDA
san jose de pare|SAN JOSÉ DE PARE
san jose del fragua|SAN JOSÉ DEL FRAGUA
san jose del guaviare|SAN JOSÉ DEL GUAVIARE
san jose del palmar|SAN JOSÉ DEL PALMAR
san juan de arama|SAN JUAN DE ARAMA
san juan de betulia|SAN JUAN DE BETULIA
san juan de rio seco|SAN JUAN DE RÍO SECO
san juan de uraba|SAN JUAN DE URABÁ
san juan del cesar|SAN JUAN DEL CESAR
san juan nepomuceno|SAN JUAN NEPOMUCENO
san juanito|SAN JUANITO
san lorenzo|SAN LORENZO
san luis|SAN LUIS
san luis|SAN LUIS
san luis de gaceno|SAN LUIS DE GACENO
san luis de palenque|SAN LUIS DE PALENQUE
san luis de since|SAN LUIS DE SINCÉ
san marcos|SAN MARCOS
san martin|SAN MARTÍN
san martin|SAN MARTÍN
san martin de loba|SAN MARTÍN DE LOBA
san mateo|SAN MATEO
san miguel|SAN MIGUEL
san miguel|SAN MIGUEL
san miguel de sema|SAN MIGUEL DE SEMA
san onofre|SAN ONOFRE
san pablo|SAN PABLO
san pablo|SAN PABLO
san pablo de borbur|SAN PABLO DE BORBUR
san pedro|SAN PEDRO
san pedro|SAN PEDRO
san pedro de cartago|SAN PEDRO DE CARTAGO
san pedro de los milagros|SAN PEDRO DE LOS MILAGROS
san pedro de uraba|SAN PEDRO DE URABA
san pelayo|SAN PELAYO
san rafael|SAN RAFAEL
san roque|SAN ROQUE
san sebastian|SAN SEBASTIÁN
san sebastian de buenavista|SAN SEBASTIÁN DE BUENAVISTA
san vicente|SAN VICENTE
san vicente de chucuri|SAN VICENTE DE CHUCURÍ
san vicente del caguan|SAN VICENTE DEL CAGUÁN
san zenon|SAN ZENÓN
sandona|SANDONÁ
santa ana|SANTA ANA
santa barbara|SANTA BÁRBARA
santa barbara|SANTA BÁRBARA
santa barbara|SANTA BÁRBARA
santa barbara de pinto|SANTA BÁRBARA DE PINTO
santa catalina|SANTA CATALINA
santa helena del opon|SANTA HELENA DEL OPÓN
santa isabel|SANTA ISABEL
santa lucia|SANTA LUCÍA
santa maria|SANTA MARÍA
santa maria|SANTA MARÍA
santa marta|SANTA MARTA
santa rosa|SANTA ROSA
santa rosa|SANTA ROSA
santa rosa de cabal|SANTA ROSA DE CABAL
santa rosa de osos|SANTA ROSA DE OSOS
santa rosa de viterbo|SANTA ROSA DE VITERBO
santa rosa del sur|SANTA ROSA DEL SUR
santa rosalia|SANTA ROSALÍA
santa sofia|SANTA SOFÍA
santacruz|SANTACRUZ
santafe de antioquia|SANTAFÉ DE ANTIOQUIA
santana|SANTANA
santander de quilichao|SANTANDER DE QUILICHAO
santiago|SANTIAGO
santiago|SANTIAGO
santiago de tolu|SANTIAGO DE TOLÚ
santo domingo|SANTO DOMINGO
santo tomas|SANTO TOMÁS
santuario|SANTUARIO
sapuyes|SAPUYES
saravena|SARAVENA
sardinata|SARDINATA
sasaima|SASAIMA
sativanorte|SATIVANORTE
sativasur|SATIVASUR
segovia|SEGOVIA
sesquile|SESQUILÉ
sevilla|SEVILLA
siachoque|SIACHOQUE
sibate|SIBATÉ
sibundoy|SIBUNDOY
silos|SILOS
silvania|SILVANIA
silvia|SILVIA
simacota|SIMACOTA
simijaca|SIMIJACA
simiti|SIMITÍ
sincelejo|SINCELEJO
sipi|SIPÍ
sitionuevo|SITIONUEVO
soacha|SOACHA
soata|SOATÁ
socha|SOCHA
socorro|SOCORRO
socota|SOCOTÁ
sogamoso|SOGAMOSO
solano|SOLANO
soledad|SOLEDAD
solita|SOLITA
somondoco|SOMONDOCO
sonson|SONSON
sopetran|SOPETRÁN
soplaviento|SOPLAVIENTO
sopo|SOPÓ
sora|SORA
soraca|SORACÁ
sotaquira|SOTAQUIRÁ
sotara|SOTARA
sotara|SOTARÁ
suaita|SUAITA
suan|SUAN
suarez|SUÁREZ
suarez|SUÁREZ
suaza|SUAZA
subachoque|SUBACHOQUE
sucre|SUCRE
sucre|SUCRE
sucre|SUCRE
suesca|SUESCA
supata|SUPATÁ
supia|SUPÍA
surata|SURATÁ
susa|SUSA
susacon|SUSACÓN
sutamarchan|SUTAMARCHÁN
sutatausa|SUTATAUSA
sutatenza|SUTATENZA
tabio|TABIO
tado|TADÓ
talaigua nuevo|TALAIGUA NUEVO
tamalameque|TAMALAMEQUE
tamara|TÁMARA
tame|TAME
tamesis|TÁMESIS
taminango|TAMINANGO
tangua|TANGUA
taraira|TARAIRA
tarapaca|TARAPACÁ
taraza|TARAZÁ
tarqui|TARQUI
tarso|TARSO
tasco|TASCO
tauramena|TAURAMENA
tausa|TAUSA
tello|TELLO
tena|TENA
tenerife|TENERIFE
tenjo|TENJO
tenza|TENZA
teorama|TEORAMA
teruel|TERUEL
tesalia|TESALIA
tibacuy|TIBACUY
tibana|TIBANÁ
tibasosa|TIBASOSA
tibirita|TIBIRITA
tibu|TIBÚ
tierralta|TIERRALTA
timana|TIMANÁ
timbio|TIMBÍO
timbiqui|TIMBIQUÍ
tinjaca|TINJACÁ
tipacoque|TIPACOQUE
tiquisio|TIQUISIO
titiribi|TITIRIBÍ
toca|TOCA
tocaima|TOCAIMA
tocancipa|TOCANCIPÁ
togoi|TOGÜÍ
toledo|TOLEDO
toledo|TOLEDO
tolu viejo|TOLÚ VIEJO
tona|TONA
topaga|TÓPAGA
topaipi|TOPAIPÍ
toribio|TORIBIO
toro|TORO
tota|TOTA
totoro|TOTORÓ
trinidad|TRINIDAD
trujillo|TRUJILLO
tubara|TUBARÁ
tulua|TULUÁ
tunja|TUNJA
tunungua|TUNUNGUÁ
tuquerres|TÚQUERRES
turbaco|TURBACO
turbana|TURBANÁ
turbo|TURBO
turmeque|TURMEQUÉ
tuta|TUTA
tutaza|TUTAZÁ
ubala|UBALÁ
ubaque|UBAQUE
ulloa|ULLOA
umbita|UMBITA
une|UNE
unguia|UNGUÍA
union panamericana|UNIÓN PANAMERICANA
uramita|URAMITA
uribe|URIBE
uribia|URIBIA
urrao|URRAO
urumita|URUMITA
usiacuri|USIACURÍ
utica|ÚTICA
valdivia|VALDIVIA
valencia|VALENCIA
valle de san jose|VALLE DE SAN JOSÉ
valle de san juan|VALLE DE SAN JUAN
valle del guamuez|VALLE DEL GUAMUEZ
valledupar|VALLEDUPAR
valparaiso|VALPARAÍSO
valparaiso|VALPARAÍSO
vegachi|VEGACHÍ
velez|VÉLEZ
venadillo|VENADILLO
venecia|VENECIA
venecia|VENECIA
ventaquemada|VENTAQUEMADA
vergara|VERGARA
versalles|VERSALLES
versalles|VERSALLES
vetas|VETAS
viani|VIANÍ
victoria|VICTORIA
vigia del fuerte|VIGÍA DEL FUERTE
vijes|VIJES
villa caro|VILLA CARO
villa de leyva|VILLA DE LEYVA
villa de san diego de ubate|VILLA DE SAN DIEGO DE UBATE
villa del rosario|VILLA DEL ROSARIO
villa rica|VILLA RICA
villagarzon|VILLAGARZÓN
villagomez|VILLAGÓMEZ
villahermosa|VILLAHERMOSA
villamaria|VILLAMARÍA
villanueva|VILLANUEVA
villanueva|VILLANUEVA
villanueva|VILLANUEVA
villanueva|VILLANUEVA
villapinzon|VILLAPINZÓN
villarrica|VILLARRICA
villavicencio|VILLAVICENCIO
villavieja|VILLAVIEJA
villeta|VILLETA
viota|VIOTÁ
viracacha|VIRACACHÁ
vista hermosa|VISTA HERMOSA
viterbo|VITERBO
yacopi|YACOPÍ
yacuanquer|YACUANQUER
yaguara|YAGUARÁ
yali|YALÍ
yarumal|YARUMAL
yavarate|YAVARATÉ
yolombo|YOLOMBÓ
yondo|YONDÓ
yopal|YOPAL
yotoco|YOTOCO
yumbo|YUMBO
zambrano|ZAMBRANO
zapatoca|ZAPATOCA
zapayan|ZAPAYÁN
zaragoza|ZARAGOZA
zarzal|ZARZAL
zetaquira|ZETAQUIRA
zipacon|ZIPACÓN
zipaquira|ZIPAQUIRÁ
zona bananera|ZONA BANANERA